{
    "loss": 33.247337341308594,
    "accuracy": 0.9462594985961914
}